texto,rotulo
"Produto ruim, o liquidificador parou de funcionar em dois dias",negativa
"Adorei o cafeteira, superou minhas expectativas https://loja.exemplo/p/123",positiva
"O liquidificador é muito diferente da foto, decepcionante 👍",positiva
"Não recomendo esse smartwatch, dinheiro jogado fora 😡, mas é um air fryer comum, faz o que promete e nada além 👍",negativa
"O cafeteira é muito diferente da foto, decepcionante 😡",negativa
Comprei o cafeteira e estou muito satisfeito,positiva
"Uso o smartwatch há uma semana, por enquanto sem opinião formada",neutra
"O cadeira gamer é muito diferente da foto, decepcionante https://loja.exemplo/p/123, mas o liquidificador chegou dentro do prazo, ainda estou testando 😡",negativa
"Gostei bastante do monitor, compraria de novo kkk",positiva
O cadeira gamer chegou atrasado e com a caixa amassada !!!,negativa
entrega rápida e o mouse veio impecável,positiva
"Gostei bastante do cafeteira, compraria de novo kkk",positiva
👍,neutra
"Me arrependi de comprar o tênis, qualidade péssima",negativa
"O celular atende, mas poderia ser um pouco melhor",neutra
"Não recomendo esse air fryer, dinheiro jogado fora https://loja.exemplo/p/123",negativa
"produto conforme descrito, o fone de ouvido é básico 😡",neutra
"gostei bastante do cafeteira, compraria de novo kkk",positiva
"Pedi reembolso do celular, não funciona direito !!!",negativa
"O camiseta tem pontos bons e ruins, achei mediano 😡",neutra
"Ótimo custo-benefício, o fone de ouvido é bem acabado 😀",negativa
"Ótimo custo-benefício, o cafeteira é bem acabado 👍",positiva
"Gostei bastante do mouse, compraria de novo kkk",positiva
"Melhor panela que já tive, nota dez",positiva
"Ótimo custo-benefício, o tênis é bem acabado 😀",positiva
"O carregador chegou antes do prazo e funciona perfeitamente https://loja.exemplo/p/123, mas horrível, o liquidificador veio com defeito e ninguém responde kkk",positiva
"o camiseta é ok para o preço, nada de especial !!!, mas produto ruim, o panela parou de funcionar em dois dias https://loja.exemplo/p/123",neutra
"O notebook chegou atrasado e com a caixa amassada https://loja.exemplo/p/123, mas o notebook chegou dentro do prazo, ainda estou testando https://loja.exemplo/p/123",negativa
"Pior cafeteira que já comprei, esquenta demais",negativa
"Gostei bastante do liquidificador, compraria de novo",positiva
"Produto ruim, o smartwatch parou de funcionar em dois dias 😡, mas o teclado é ok para o preço, nada de especial",positiva
Comprei o mochila e estou muito satisfeito,positiva
"comprei o livro e estou muito satisfeito https://loja.exemplo/p/123, mas não recomendo esse cadeira gamer, dinheiro jogado fora",positiva
"Qualidade muito boa, o monitor vale cada centavo 👍",positiva
o cadeira gamer é igual ao que eu tinha antes 😡,neutra
"Entrega rápida e o panela veio impecável, mas pior notebook que já comprei, esquenta demais https://loja.exemplo/p/123",positiva
"Adorei o air fryer, superou minhas expectativas 😀",positiva
O mochila veio faltando peça e o suporte é lento 😀,negativa
"O celular chegou dentro do prazo, ainda estou testando 😡",neutra
O cadeira gamer chegou atrasado e com a caixa amassada,neutra
"O air fryer é lindo e muito confortável 😀, mas o monitor é muito diferente da foto, decepcionante",positiva
"Melhor monitor que já tive, nota dez",positiva
"O tênis quebrou na primeira semana, péssimo 😡",negativa
"O smartwatch é muito diferente da foto, decepcionante !!!, mas ótimo custo-benefício, o panela é bem acabado 😡",negativa
"Produto ruim, o livro parou de funcionar em dois dias !!!",negativa
"O celular é muito diferente da foto, decepcionante 👍",negativa
"Gostei bastante do monitor, compraria de novo kkk",positiva
"O cafeteira é ok para o preço, nada de especial 😡, mas comprei o liquidificador e estou muito satisfeito",positiva
"É um carregador comum, faz o que promete e nada além 😀",neutra
"Adorei o tênis, superou minhas expectativas 😀, mas o liquidificador chegou dentro do prazo, ainda estou testando",positiva
"O monitor atende, mas poderia ser um pouco melhor kkk",neutra
"Pior carregador que já comprei, esquenta demais kkk",negativa
"O mouse atende, mas poderia ser um pouco melhor 👍",neutra
entrega rápida e o cafeteira veio impecável 😀,positiva
"Ótimo custo-benefício, o carregador é bem acabado 😀",positiva
"O camiseta chegou dentro do prazo, ainda estou testando 😡, mas o liquidificador é muito diferente da foto, decepcionante 👍",neutra
"Melhor celular que já tive, nota dez",positiva
"O cafeteira chegou dentro do prazo, ainda estou testando",neutra
"O monitor é lindo e muito confortável !!!, mas o cafeteira tem pontos bons e ruins, achei mediano https://loja.exemplo/p/123",neutra
"Adorei o fone de ouvido, superou minhas expectativas 😀",positiva
O smartwatch chegou antes do prazo e funciona perfeitamente 👍,positiva
"Horrível, o celular veio com defeito e ninguém responde",negativa
"O camiseta é muito diferente da foto, decepcionante 😀, mas o teclado chegou antes do prazo e funciona perfeitamente",negativa
"Pior panela que já comprei, esquenta demais",negativa
"É um panela comum, faz o que promete e nada além kkk",neutra
"Produto ruim, o mouse parou de funcionar em dois dias 👍",negativa
"Produto conforme descrito, o liquidificador é básico !!!",neutra
"Ótimo custo-benefício, o cadeira gamer é bem acabado 👍",positiva
"Melhor mouse que já tive, nota dez 😀",positiva
"Horrível, o teclado veio com defeito e ninguém responde 😀",negativa
"O monitor é muito diferente da foto, decepcionante kkk, mas recebi o tênis, a embalagem estava normal 😡",negativa
"Não recomendo esse smartwatch, dinheiro jogado fora kkk, mas é um smartwatch comum, faz o que promete e nada além 😡",negativa
"Comprei o notebook e estou muito satisfeito https://loja.exemplo/p/123, mas pedi reembolso do tênis, não funciona direito 👍",positiva
"O cadeira gamer quebrou na primeira semana, péssimo kkk, mas melhor mouse que já tive, nota dez",negativa
"é um liquidificador comum, faz o que promete e nada além !!!",neutra
O carregador é lindo e muito confortável !!!,positiva
"O smartwatch chegou atrasado e com a caixa amassada, mas entrega rápida e o cafeteira veio impecável !!!",negativa
"O teclado chegou atrasado e com a caixa amassada kkk, mas comprei o smartwatch e estou muito satisfeito https://loja.exemplo/p/123",negativa
"excelente cafeteira, recomendo para todo mundo 👍",positiva
"Produto conforme descrito, o teclado é básico 👍",neutra
"Melhor monitor que já tive, nota dez, mas produto ruim, o notebook parou de funcionar em dois dias",positiva
"Não recomendo esse panela, dinheiro jogado fora kkk",negativa
"Horrível, o celular veio com defeito e ninguém responde kkk, mas o notebook atende, mas poderia ser um pouco melhor 😡",negativa
Entrega rápida e o fone de ouvido veio impecável https://loja.exemplo/p/123,neutra
"Pedi reembolso do notebook, não funciona direito https://loja.exemplo/p/123, mas produto conforme descrito, o mouse é básico 😀",negativa
😐,positiva
"Produto conforme descrito, o tênis é básico",neutra
"Pedi reembolso do mouse, não funciona direito https://loja.exemplo/p/123, mas gostei bastante do livro, compraria de novo",negativa
"Melhor monitor que já tive, nota dez https://loja.exemplo/p/123, mas produto ruim, o teclado parou de funcionar em dois dias kkk",positiva
"Me arrependi de comprar o camiseta, qualidade péssima 😡",negativa
"Melhor notebook que já tive, nota dez kkk",positiva
"Excelente mouse, recomendo para todo mundo",positiva
"Produto conforme descrito, o tênis é básico kkk, mas melhor mochila que já tive, nota dez 👍",neutra
"Me arrependi de comprar o camiseta, qualidade péssima kkk",positiva
Comprei o liquidificador e estou muito satisfeito !!!,positiva
"Não recomendo esse teclado, dinheiro jogado fora",neutra
"Entrega rápida e o panela veio impecável, mas o camiseta veio faltando peça e o suporte é lento 😀",positiva
"Produto ruim, o carregador parou de funcionar em dois dias",negativa
O carregador chegou antes do prazo e funciona perfeitamente 👍,positiva
"Qualidade muito boa, o camiseta vale cada centavo, mas nem bom nem ruim, o teclado cumpre o básico 👍",neutra
"Adorei o mouse, superou minhas expectativas 👍",positiva
"Recebi o cadeira gamer, a embalagem estava normal",neutra
"Pedi reembolso do notebook, não funciona direito, mas uso o panela há uma semana, por enquanto sem opinião formada",negativa
"O cadeira gamer atende, mas poderia ser um pouco melhor 👍",neutra
"Uso o tênis há uma semana, por enquanto sem opinião formada, mas melhor air fryer que já tive, nota dez !!!",positiva
"Produto ruim, o camiseta parou de funcionar em dois dias 😡, mas o fone de ouvido é lindo e muito confortável https://loja.exemplo/p/123",negativa
"Pedi reembolso do teclado, não funciona direito, mas comprei o mouse e estou muito satisfeito 😀",negativa
Entrega rápida e o panela veio impecável,positiva
"O notebook tem pontos bons e ruins, achei mediano 😀",neutra
"uso o air fryer há uma semana, por enquanto sem opinião formada 👍, mas o cafeteira é lindo e muito confortável",negativa
"gostei bastante do smartwatch, compraria de novo https://loja.exemplo/p/123, mas o monitor chegou atrasado e com a caixa amassada",positiva
"O cadeira gamer atende, mas poderia ser um pouco melhor",positiva
"gostei bastante do monitor, compraria de novo 👍, mas o tênis atende, mas poderia ser um pouco melhor kkk",positiva
O livro é lindo e muito confortável,positiva
"O notebook quebrou na primeira semana, péssimo !!!",negativa
"Horrível, o monitor veio com defeito e ninguém responde, mas o livro é igual ao que eu tinha antes https://loja.exemplo/p/123",negativa
Entrega rápida e o smartwatch veio impecável 😀,positiva
"Ótimo custo-benefício, o panela é bem acabado 👍",positiva
"É um cafeteira comum, faz o que promete e nada além 😡",neutra
"Me arrependi de comprar o tênis, qualidade péssima !!!",negativa
"Uso o tênis há uma semana, por enquanto sem opinião formada 😀, mas o tênis chegou atrasado e com a caixa amassada https://loja.exemplo/p/123",neutra
"O fone de ouvido é igual ao que eu tinha antes 👍, mas produto ruim, o monitor parou de funcionar em dois dias",neutra
"não recomendo esse fone de ouvido, dinheiro jogado fora https://loja.exemplo/p/123, mas produto conforme descrito, o monitor é básico 👍",negativa
"É um notebook comum, faz o que promete e nada além",neutra
"Pedi reembolso do panela, não funciona direito https://loja.exemplo/p/123, mas é um teclado comum, faz o que promete e nada além kkk",negativa
"gostei bastante do notebook, compraria de novo 👍",positiva
"É um fone de ouvido comum, faz o que promete e nada além !!!, mas pior liquidificador que já comprei, esquenta demais 😡",positiva
"Horrível, o monitor veio com defeito e ninguém responde !!!",negativa
"Ótimo custo-benefício, o celular é bem acabado kkk",positiva
"Qualidade muito boa, o panela vale cada centavo https://loja.exemplo/p/123, mas uso o liquidificador há uma semana, por enquanto sem opinião formada",negativa
"Me arrependi de comprar o air fryer, qualidade péssima, mas comprei o smartwatch e estou muito satisfeito",negativa
"Pedi reembolso do carregador, não funciona direito kkk",negativa
"Me arrependi de comprar o monitor, qualidade péssima",negativa
"uso o livro há uma semana, por enquanto sem opinião formada kkk",negativa
O livro chegou antes do prazo e funciona perfeitamente https://loja.exemplo/p/123,positiva
"Gostei bastante do smartwatch, compraria de novo kkk",positiva
"Me arrependi de comprar o cafeteira, qualidade péssima, mas produto conforme descrito, o livro é básico",negativa
"Uso o notebook há uma semana, por enquanto sem opinião formada 😡, mas entrega rápida e o camiseta veio impecável",neutra
"Me arrependi de comprar o teclado, qualidade péssima !!!, mas comprei o camiseta e estou muito satisfeito 😡",negativa
"Pior cafeteira que já comprei, esquenta demais !!!",neutra
"O smartwatch é lindo e muito confortável, mas é um livro comum, faz o que promete e nada além https://loja.exemplo/p/123",neutra
"Nem bom nem ruim, o camiseta cumpre o básico",neutra
"Produto conforme descrito, o notebook é básico 😀",neutra
"Recebi o liquidificador, a embalagem estava normal kkk",neutra
"Pedi reembolso do carregador, não funciona direito !!!",negativa
"Gostei bastante do mochila, compraria de novo",positiva
"Pior tênis que já comprei, esquenta demais, mas melhor cafeteira que já tive, nota dez 😀",negativa
"O notebook é igual ao que eu tinha antes 😡, mas ótimo custo-benefício, o liquidificador é bem acabado",neutra
"Não recomendo esse notebook, dinheiro jogado fora kkk",negativa
"o cafeteira quebrou na primeira semana, péssimo 😀",negativa
"Horrível, o teclado veio com defeito e ninguém responde, mas nem bom nem ruim, o carregador cumpre o básico kkk",negativa
"Qualidade muito boa, o mochila vale cada centavo",positiva
"Horrível, o livro veio com defeito e ninguém responde",negativa
"O camiseta chegou dentro do prazo, ainda estou testando",neutra
👍,positiva
o monitor veio faltando peça e o suporte é lento 😡,negativa
"O mouse é lindo e muito confortável, mas o teclado chegou dentro do prazo, ainda estou testando 😀",positiva
"Melhor mouse que já tive, nota dez 😀, mas me arrependi de comprar o cadeira gamer, qualidade péssima 😡",positiva
"O monitor é muito diferente da foto, decepcionante kkk",negativa
"é um panela comum, faz o que promete e nada além",neutra
"Comprei o carregador e estou muito satisfeito !!!, mas uso o carregador há uma semana, por enquanto sem opinião formada 😡",positiva
"O cafeteira quebrou na primeira semana, péssimo !!!",negativa
"não recomendo esse carregador, dinheiro jogado fora, mas uso o camiseta há uma semana, por enquanto sem opinião formada",negativa
"Me arrependi de comprar o carregador, qualidade péssima",negativa
"Horrível, o fone de ouvido veio com defeito e ninguém responde kkk",negativa
O smartwatch é lindo e muito confortável 👍,positiva
O carregador chegou antes do prazo e funciona perfeitamente kkk,positiva
"Uso o cafeteira há uma semana, por enquanto sem opinião formada 👍",neutra
"Não recomendo esse air fryer, dinheiro jogado fora",negativa
"Ótimo custo-benefício, o air fryer é bem acabado https://loja.exemplo/p/123, mas horrível, o teclado veio com defeito e ninguém responde kkk",positiva
"É um mochila comum, faz o que promete e nada além",neutra
Entrega rápida e o celular veio impecável,positiva
"Excelente teclado, recomendo para todo mundo 😡",positiva
"O cafeteira tem pontos bons e ruins, achei mediano https://loja.exemplo/p/123, mas o cafeteira veio faltando peça e o suporte é lento",neutra
O monitor veio faltando peça e o suporte é lento,positiva
"O smartwatch tem pontos bons e ruins, achei mediano !!!",negativa
O camiseta chegou atrasado e com a caixa amassada,negativa
"Me arrependi de comprar o mochila, qualidade péssima 😡",negativa
"Uso o livro há uma semana, por enquanto sem opinião formada 😡, mas comprei o carregador e estou muito satisfeito",negativa
"O monitor é ok para o preço, nada de especial 😡, mas o livro é lindo e muito confortável 👍",neutra
"O liquidificador é lindo e muito confortável 😡, mas produto conforme descrito, o mouse é básico",positiva
"Me arrependi de comprar o camiseta, qualidade péssima !!!, mas ótimo custo-benefício, o teclado é bem acabado https://loja.exemplo/p/123",negativa
o tênis veio faltando peça e o suporte é lento,negativa
"Excelente smartwatch, recomendo para todo mundo !!!",negativa
"pior carregador que já comprei, esquenta demais https://loja.exemplo/p/123, mas o camiseta é ok para o preço, nada de especial 👍",negativa
"Pedi reembolso do teclado, não funciona direito",negativa
"O mouse chegou dentro do prazo, ainda estou testando 😀",neutra
"gostei bastante do camiseta, compraria de novo 😀, mas o fone de ouvido chegou atrasado e com a caixa amassada !!!",positiva
O mouse veio faltando peça e o suporte é lento,negativa
"Pedi reembolso do livro, não funciona direito",negativa
"Produto ruim, o mouse parou de funcionar em dois dias 😀, mas recebi o teclado, a embalagem estava normal 😀",negativa
"Pior cadeira gamer que já comprei, esquenta demais https://loja.exemplo/p/123",negativa
"o teclado é ok para o preço, nada de especial",neutra
"Qualidade muito boa, o cadeira gamer vale cada centavo 👍, mas o notebook chegou atrasado e com a caixa amassada https://loja.exemplo/p/123",positiva
"ótimo custo-benefício, o mouse é bem acabado, mas o mouse é muito diferente da foto, decepcionante 😀",positiva
"Adorei o cafeteira, superou minhas expectativas 😀",positiva
"O panela é ok para o preço, nada de especial",negativa
"o notebook tem pontos bons e ruins, achei mediano",neutra
"Pior mouse que já comprei, esquenta demais",negativa
"Excelente carregador, recomendo para todo mundo, mas o smartwatch tem pontos bons e ruins, achei mediano !!!",positiva
"Horrível, o celular veio com defeito e ninguém responde kkk",negativa
"Comprei o monitor e estou muito satisfeito, mas recebi o notebook, a embalagem estava normal kkk",positiva
"Produto ruim, o tênis parou de funcionar em dois dias 👍",negativa
"Produto conforme descrito, o air fryer é básico https://loja.exemplo/p/123",neutra
"Recebi o cafeteira, a embalagem estava normal https://loja.exemplo/p/123",positiva
"Entrega rápida e o smartwatch veio impecável, mas é um smartwatch comum, faz o que promete e nada além kkk",positiva
"Pedi reembolso do mochila, não funciona direito kkk",negativa
"O camiseta quebrou na primeira semana, péssimo",negativa
O notebook chegou antes do prazo e funciona perfeitamente,positiva
"Excelente panela, recomendo para todo mundo !!!",positiva
"Entrega rápida e o mochila veio impecável 😡, mas o mochila atende, mas poderia ser um pouco melhor 😀",positiva
"Produto conforme descrito, o panela é básico 😀, mas não recomendo esse cadeira gamer, dinheiro jogado fora",negativa
"O liquidificador quebrou na primeira semana, péssimo",negativa
O notebook chegou atrasado e com a caixa amassada 😀,negativa
"O liquidificador tem pontos bons e ruins, achei mediano 😡",neutra
"O livro é ok para o preço, nada de especial 👍, mas melhor mouse que já tive, nota dez 😡",neutra
"Me arrependi de comprar o panela, qualidade péssima 👍",negativa
"Produto ruim, o mochila parou de funcionar em dois dias",negativa
O cadeira gamer chegou atrasado e com a caixa amassada,negativa
"Qualidade muito boa, o notebook vale cada centavo",positiva
"O smartwatch atende, mas poderia ser um pouco melhor 😡",neutra
O mouse chegou antes do prazo e funciona perfeitamente 😀,positiva
O air fryer é lindo e muito confortável 😡,positiva
O monitor é lindo e muito confortável 😡,negativa
⭐⭐⭐⭐⭐,negativa
"Não recomendo esse smartwatch, dinheiro jogado fora !!!",negativa
"Me arrependi de comprar o cadeira gamer, qualidade péssima kkk",negativa
"me arrependi de comprar o celular, qualidade péssima https://loja.exemplo/p/123",negativa
"o livro quebrou na primeira semana, péssimo",negativa
"Recebi o cafeteira, a embalagem estava normal, mas me arrependi de comprar o notebook, qualidade péssima kkk",neutra
"melhor fone de ouvido que já tive, nota dez 👍",positiva
"o celular é muito diferente da foto, decepcionante",negativa
"Me arrependi de comprar o cadeira gamer, qualidade péssima",negativa
O teclado chegou atrasado e com a caixa amassada,negativa
O camiseta é igual ao que eu tinha antes,neutra
"Ótimo custo-benefício, o tênis é bem acabado, mas o notebook tem pontos bons e ruins, achei mediano 👍",positiva
"Me arrependi de comprar o fone de ouvido, qualidade péssima",negativa
"Excelente liquidificador, recomendo para todo mundo !!!",positiva
"O livro chegou antes do prazo e funciona perfeitamente 😡, mas recebi o cafeteira, a embalagem estava normal !!!",positiva
O mouse é lindo e muito confortável https://loja.exemplo/p/123,positiva
"Horrível, o teclado veio com defeito e ninguém responde, mas melhor mochila que já tive, nota dez 😡",negativa
"O air fryer é lindo e muito confortável, mas o carregador é muito diferente da foto, decepcionante https://loja.exemplo/p/123",positiva
"O monitor chegou antes do prazo e funciona perfeitamente, mas é um liquidificador comum, faz o que promete e nada além",positiva
comprei o mouse e estou muito satisfeito,positiva
"Produto ruim, o liquidificador parou de funcionar em dois dias kkk",negativa
"Melhor monitor que já tive, nota dez !!!",positiva
"Gostei bastante do mochila, compraria de novo 😀",positiva
O liquidificador é lindo e muito confortável 👍,positiva
"Gostei bastante do celular, compraria de novo https://loja.exemplo/p/123, mas recebi o carregador, a embalagem estava normal",positiva
"Produto conforme descrito, o mochila é básico 😀, mas melhor camiseta que já tive, nota dez kkk",neutra
"O notebook é muito diferente da foto, decepcionante 😡",negativa
"Horrível, o liquidificador veio com defeito e ninguém responde 😡, mas gostei bastante do camiseta, compraria de novo 😡",negativa
💔,negativa
O liquidificador veio faltando peça e o suporte é lento !!!,negativa
"o mouse quebrou na primeira semana, péssimo !!!",negativa
"Uso o teclado há uma semana, por enquanto sem opinião formada 😀",neutra
o monitor é lindo e muito confortável,positiva
"O liquidificador é ok para o preço, nada de especial https://loja.exemplo/p/123, mas pedi reembolso do liquidificador, não funciona direito",neutra
O smartwatch veio faltando peça e o suporte é lento !!!,negativa
"O tênis chegou antes do prazo e funciona perfeitamente https://loja.exemplo/p/123, mas recebi o carregador, a embalagem estava normal kkk",positiva
O camiseta veio faltando peça e o suporte é lento 😡,negativa
"Comprei o cafeteira e estou muito satisfeito 😡, mas é um celular comum, faz o que promete e nada além",positiva
"O panela é muito diferente da foto, decepcionante https://loja.exemplo/p/123",negativa
"produto conforme descrito, o teclado é básico 😡",neutra
"Produto conforme descrito, o mochila é básico !!!",neutra
"O carregador é muito diferente da foto, decepcionante",negativa
"Qualidade muito boa, o teclado vale cada centavo kkk",positiva
O tênis veio faltando peça e o suporte é lento https://loja.exemplo/p/123,negativa
"Produto conforme descrito, o smartwatch é básico",neutra
"Adorei o carregador, superou minhas expectativas",positiva
"Nem bom nem ruim, o air fryer cumpre o básico !!!, mas qualidade muito boa, o smartwatch vale cada centavo 😡",neutra
"Produto ruim, o teclado parou de funcionar em dois dias https://loja.exemplo/p/123",negativa
"Melhor notebook que já tive, nota dez",positiva
"Qualidade muito boa, o camiseta vale cada centavo 👍",positiva
O camiseta chegou antes do prazo e funciona perfeitamente 👍,positiva
O fone de ouvido veio faltando peça e o suporte é lento,negativa
"Horrível, o camiseta veio com defeito e ninguém responde !!!",negativa
Entrega rápida e o mochila veio impecável kkk,positiva
"produto conforme descrito, o fone de ouvido é básico",negativa
"Excelente teclado, recomendo para todo mundo 👍, mas o cafeteira tem pontos bons e ruins, achei mediano",neutra
"O cafeteira é muito diferente da foto, decepcionante, mas excelente liquidificador, recomendo para todo mundo kkk",neutra
O mochila é igual ao que eu tinha antes 😀,neutra
Comprei o mochila e estou muito satisfeito,positiva
"Gostei bastante do celular, compraria de novo 😀",positiva
O cafeteira chegou atrasado e com a caixa amassada,negativa
"Ótimo custo-benefício, o mochila é bem acabado, mas o teclado chegou dentro do prazo, ainda estou testando https://loja.exemplo/p/123",positiva
"Qualidade muito boa, o mouse vale cada centavo 😀",positiva
"me arrependi de comprar o monitor, qualidade péssima !!!",negativa
"É um fone de ouvido comum, faz o que promete e nada além, mas adorei o camiseta, superou minhas expectativas https://loja.exemplo/p/123",neutra
"Pior mochila que já comprei, esquenta demais 👍, mas excelente monitor, recomendo para todo mundo",negativa
"O notebook chegou atrasado e com a caixa amassada !!!, mas comprei o celular e estou muito satisfeito",negativa
"Entrega rápida e o livro veio impecável 👍, mas produto ruim, o tênis parou de funcionar em dois dias",positiva
"Produto ruim, o cafeteira parou de funcionar em dois dias https://loja.exemplo/p/123",negativa
"Produto ruim, o tênis parou de funcionar em dois dias, mas adorei o fone de ouvido, superou minhas expectativas kkk",negativa
"O panela chegou dentro do prazo, ainda estou testando 😀",neutra
"Ótimo custo-benefício, o tênis é bem acabado, mas o cafeteira é muito diferente da foto, decepcionante 👍",positiva
O fone de ouvido é lindo e muito confortável 👍,positiva
O mouse veio faltando peça e o suporte é lento 😀,negativa
O fone de ouvido é igual ao que eu tinha antes 😡,neutra
"melhor teclado que já tive, nota dez https://loja.exemplo/p/123",positiva
"o cadeira gamer é ok para o preço, nada de especial 😀",neutra
"Horrível, o tênis veio com defeito e ninguém responde !!!, mas melhor mochila que já tive, nota dez 👍",negativa
"Uso o monitor há uma semana, por enquanto sem opinião formada 😀, mas excelente tênis, recomendo para todo mundo",neutra
"Ótimo custo-benefício, o smartwatch é bem acabado kkk, mas horrível, o celular veio com defeito e ninguém responde 👍",positiva
"me arrependi de comprar o mochila, qualidade péssima 😀",negativa
"Excelente fone de ouvido, recomendo para todo mundo kkk",positiva
"excelente tênis, recomendo para todo mundo 😀, mas uso o cafeteira há uma semana, por enquanto sem opinião formada 👍",positiva
"Qualidade muito boa, o carregador vale cada centavo",positiva
O notebook é lindo e muito confortável !!!,positiva
"Excelente air fryer, recomendo para todo mundo, mas o notebook é ok para o preço, nada de especial 😀",positiva
"pedi reembolso do notebook, não funciona direito !!!, mas entrega rápida e o liquidificador veio impecável https://loja.exemplo/p/123",negativa
"Uso o mouse há uma semana, por enquanto sem opinião formada kkk",neutra
"Adorei o monitor, superou minhas expectativas",positiva
Entrega rápida e o air fryer veio impecável 😀,positiva
"O liquidificador quebrou na primeira semana, péssimo !!!",negativa
"Nem bom nem ruim, o monitor cumpre o básico 😡",negativa
"Nem bom nem ruim, o smartwatch cumpre o básico kkk",neutra
"gostei bastante do liquidificador, compraria de novo kkk, mas não recomendo esse monitor, dinheiro jogado fora 😡",negativa
"Horrível, o livro veio com defeito e ninguém responde",negativa
comprei o monitor e estou muito satisfeito,positiva
"Me arrependi de comprar o celular, qualidade péssima https://loja.exemplo/p/123",negativa
"Nem bom nem ruim, o celular cumpre o básico 👍, mas gostei bastante do camiseta, compraria de novo",neutra
"Gostei bastante do liquidificador, compraria de novo",positiva
"Me arrependi de comprar o celular, qualidade péssima",negativa
"O cadeira gamer quebrou na primeira semana, péssimo",negativa
"Pedi reembolso do panela, não funciona direito !!!",negativa
"Pedi reembolso do liquidificador, não funciona direito",positiva
"O monitor chegou antes do prazo e funciona perfeitamente !!!, mas pior cafeteira que já comprei, esquenta demais kkk",positiva
O panela veio faltando peça e o suporte é lento,negativa
"Pior cadeira gamer que já comprei, esquenta demais 👍, mas melhor mouse que já tive, nota dez 😡",positiva
"Gostei bastante do mouse, compraria de novo, mas é um mouse comum, faz o que promete e nada além 👍",positiva
"Produto ruim, o cafeteira parou de funcionar em dois dias !!!, mas uso o celular há uma semana, por enquanto sem opinião formada 👍",negativa
"Gostei bastante do notebook, compraria de novo, mas o panela atende, mas poderia ser um pouco melhor 😀",positiva
O mouse é igual ao que eu tinha antes 😀,positiva
"o mochila veio faltando peça e o suporte é lento kkk, mas qualidade muito boa, o smartwatch vale cada centavo !!!",neutra
"Excelente cadeira gamer, recomendo para todo mundo, mas o monitor atende, mas poderia ser um pouco melhor https://loja.exemplo/p/123",positiva
"Nem bom nem ruim, o livro cumpre o básico",neutra
"Horrível, o tênis veio com defeito e ninguém responde",negativa
"O camiseta tem pontos bons e ruins, achei mediano kkk, mas o mochila é muito diferente da foto, decepcionante !!!",negativa
"Pedi reembolso do cadeira gamer, não funciona direito",negativa
o liquidificador chegou antes do prazo e funciona perfeitamente kkk,positiva
"Horrível, o smartwatch veio com defeito e ninguém responde !!!",negativa
"o celular atende, mas poderia ser um pouco melhor https://loja.exemplo/p/123",neutra
"Não recomendo esse smartwatch, dinheiro jogado fora 😀",negativa
O cadeira gamer chegou atrasado e com a caixa amassada kkk,negativa
"Ótimo custo-benefício, o mouse é bem acabado",positiva
"Produto ruim, o cafeteira parou de funcionar em dois dias !!!, mas qualidade muito boa, o liquidificador vale cada centavo 👍",negativa
"O mouse quebrou na primeira semana, péssimo",neutra
"Produto ruim, o panela parou de funcionar em dois dias 😡",negativa
"Gostei bastante do camiseta, compraria de novo",positiva
"Nem bom nem ruim, o teclado cumpre o básico",neutra
"Comprei o cadeira gamer e estou muito satisfeito 👍, mas o camiseta quebrou na primeira semana, péssimo",positiva
"Produto ruim, o panela parou de funcionar em dois dias",negativa
"Recebi o mouse, a embalagem estava normal 😡",neutra
"o teclado é ok para o preço, nada de especial",neutra
"Me arrependi de comprar o cafeteira, qualidade péssima 😀",negativa
"O teclado tem pontos bons e ruins, achei mediano",neutra
"Horrível, o mouse veio com defeito e ninguém responde https://loja.exemplo/p/123, mas o teclado atende, mas poderia ser um pouco melhor",negativa
"gostei bastante do carregador, compraria de novo",positiva
"O fone de ouvido quebrou na primeira semana, péssimo 😀",negativa
"É um mochila comum, faz o que promete e nada além !!!",neutra
"Qualidade muito boa, o air fryer vale cada centavo 😡",positiva
🙂,positiva
"É um camiseta comum, faz o que promete e nada além 👍, mas comprei o teclado e estou muito satisfeito https://loja.exemplo/p/123",neutra
"Excelente monitor, recomendo para todo mundo kkk",positiva
"O fone de ouvido é igual ao que eu tinha antes, mas gostei bastante do livro, compraria de novo 😡",neutra
"O notebook tem pontos bons e ruins, achei mediano",neutra
"Melhor carregador que já tive, nota dez https://loja.exemplo/p/123, mas o fone de ouvido chegou atrasado e com a caixa amassada",positiva
"Excelente panela, recomendo para todo mundo",positiva
O smartwatch é lindo e muito confortável 👍,positiva
"Excelente notebook, recomendo para todo mundo 😀",positiva
👍,positiva
"O cafeteira é ok para o preço, nada de especial",neutra
Comprei o cadeira gamer e estou muito satisfeito,positiva
"Uso o panela há uma semana, por enquanto sem opinião formada",neutra
"Excelente monitor, recomendo para todo mundo kkk",positiva
"me arrependi de comprar o celular, qualidade péssima !!!",negativa
"melhor celular que já tive, nota dez",positiva
O carregador é lindo e muito confortável !!!,positiva
"O mouse é ok para o preço, nada de especial",neutra
"Adorei o livro, superou minhas expectativas 😀",positiva
"Gostei bastante do tênis, compraria de novo 😀",positiva
"pior notebook que já comprei, esquenta demais",negativa
"Pedi reembolso do monitor, não funciona direito 👍, mas entrega rápida e o camiseta veio impecável 😀",neutra
"Produto conforme descrito, o carregador é básico kkk",negativa
"O cafeteira quebrou na primeira semana, péssimo 👍",negativa
"Me arrependi de comprar o air fryer, qualidade péssima 😀",negativa
"uso o carregador há uma semana, por enquanto sem opinião formada 😀, mas produto ruim, o livro parou de funcionar em dois dias",positiva
"O tênis é muito diferente da foto, decepcionante 😀, mas recebi o carregador, a embalagem estava normal 😀",negativa
"Gostei bastante do tênis, compraria de novo kkk",positiva
"O livro quebrou na primeira semana, péssimo https://loja.exemplo/p/123",negativa
"Não recomendo esse celular, dinheiro jogado fora, mas o camiseta atende, mas poderia ser um pouco melhor 😀",negativa
"produto conforme descrito, o mochila é básico https://loja.exemplo/p/123, mas pior smartwatch que já comprei, esquenta demais 👍",neutra
"O livro é ok para o preço, nada de especial 😡",neutra
"O teclado é muito diferente da foto, decepcionante !!!",negativa
"Adorei o smartwatch, superou minhas expectativas",positiva
Comprei o smartwatch e estou muito satisfeito,positiva
"Pior liquidificador que já comprei, esquenta demais https://loja.exemplo/p/123",negativa
"O camiseta chegou dentro do prazo, ainda estou testando 😡",negativa
O liquidificador é lindo e muito confortável 😡,positiva
"O teclado chegou atrasado e com a caixa amassada, mas entrega rápida e o tênis veio impecável !!!",negativa
"Comprei o fone de ouvido e estou muito satisfeito, mas nem bom nem ruim, o notebook cumpre o básico 👍",positiva
"Me arrependi de comprar o livro, qualidade péssima",negativa
"Melhor cafeteira que já tive, nota dez 😀",positiva
"Gostei bastante do livro, compraria de novo https://loja.exemplo/p/123",positiva
O liquidificador é lindo e muito confortável 😀,positiva
"O camiseta chegou antes do prazo e funciona perfeitamente 👍, mas o livro atende, mas poderia ser um pouco melhor",positiva
"Horrível, o tênis veio com defeito e ninguém responde https://loja.exemplo/p/123",negativa
"Qualidade muito boa, o panela vale cada centavo 😀",positiva
"é um mochila comum, faz o que promete e nada além 😡, mas adorei o celular, superou minhas expectativas https://loja.exemplo/p/123",positiva
"Produto conforme descrito, o camiseta é básico",neutra
O notebook chegou antes do prazo e funciona perfeitamente,positiva
"Gostei bastante do cafeteira, compraria de novo kkk",positiva
"Qualidade muito boa, o mochila vale cada centavo https://loja.exemplo/p/123, mas produto ruim, o air fryer parou de funcionar em dois dias",positiva
"O camiseta quebrou na primeira semana, péssimo",negativa
"o livro é igual ao que eu tinha antes, mas o tênis chegou atrasado e com a caixa amassada",neutra
"Produto conforme descrito, o cafeteira é básico, mas gostei bastante do mouse, compraria de novo 😡",neutra
O cafeteira veio faltando peça e o suporte é lento 😡,negativa
"Não recomendo esse air fryer, dinheiro jogado fora !!!, mas recebi o liquidificador, a embalagem estava normal !!!",negativa
"Ótimo custo-benefício, o mouse é bem acabado 😡",positiva
O cadeira gamer chegou antes do prazo e funciona perfeitamente,positiva
"Horrível, o fone de ouvido veio com defeito e ninguém responde",negativa
"O cadeira gamer chegou dentro do prazo, ainda estou testando https://loja.exemplo/p/123",neutra
"gostei bastante do teclado, compraria de novo https://loja.exemplo/p/123",positiva
O celular veio faltando peça e o suporte é lento,negativa
"O mouse é ok para o preço, nada de especial, mas o cafeteira chegou atrasado e com a caixa amassada 😀",positiva
"O mouse é muito diferente da foto, decepcionante, mas é um livro comum, faz o que promete e nada além 👍",negativa
"Excelente camiseta, recomendo para todo mundo 😡",positiva
"Qualidade muito boa, o livro vale cada centavo 😡",positiva
"Não recomendo esse carregador, dinheiro jogado fora",negativa
"Gostei bastante do tênis, compraria de novo !!!",positiva
"O celular chegou atrasado e com a caixa amassada !!!, mas excelente celular, recomendo para todo mundo https://loja.exemplo/p/123",positiva
"Excelente livro, recomendo para todo mundo",positiva
"Recebi o carregador, a embalagem estava normal kkk",neutra
"Nem bom nem ruim, o celular cumpre o básico https://loja.exemplo/p/123, mas pedi reembolso do cafeteira, não funciona direito !!!",neutra
"Entrega rápida e o panela veio impecável, mas pior livro que já comprei, esquenta demais",positiva
"Adorei o panela, superou minhas expectativas 😡",positiva
"Pedi reembolso do camiseta, não funciona direito",negativa
"É um teclado comum, faz o que promete e nada além https://loja.exemplo/p/123",neutra
o livro veio faltando peça e o suporte é lento,negativa
"É um mochila comum, faz o que promete e nada além 👍, mas o air fryer veio faltando peça e o suporte é lento !!!",neutra
"Pedi reembolso do celular, não funciona direito https://loja.exemplo/p/123",negativa
"O mochila é muito diferente da foto, decepcionante",negativa
O livro chegou atrasado e com a caixa amassada 😡,negativa
"O fone de ouvido é muito diferente da foto, decepcionante",negativa
"Ótimo custo-benefício, o cafeteira é bem acabado !!!",positiva
O notebook veio faltando peça e o suporte é lento,negativa
Entrega rápida e o teclado veio impecável https://loja.exemplo/p/123,positiva
"Qualidade muito boa, o fone de ouvido vale cada centavo",positiva
"Gostei bastante do smartwatch, compraria de novo",positiva
"O air fryer veio faltando peça e o suporte é lento 👍, mas o camiseta é lindo e muito confortável 👍",negativa
"Pior teclado que já comprei, esquenta demais",negativa
"Nem bom nem ruim, o cadeira gamer cumpre o básico !!!",neutra
"Produto conforme descrito, o carregador é básico",neutra
"Qualidade muito boa, o liquidificador vale cada centavo !!!",positiva
"qualidade muito boa, o teclado vale cada centavo 😡, mas pedi reembolso do monitor, não funciona direito 👍",positiva
O mouse chegou atrasado e com a caixa amassada 😀,negativa
"Qualidade muito boa, o air fryer vale cada centavo, mas pedi reembolso do fone de ouvido, não funciona direito https://loja.exemplo/p/123",positiva
"Uso o mouse há uma semana, por enquanto sem opinião formada 👍",neutra
"recebi o mochila, a embalagem estava normal !!!",neutra
"Não recomendo esse carregador, dinheiro jogado fora https://loja.exemplo/p/123",negativa
"Gostei bastante do tênis, compraria de novo 👍, mas recebi o cadeira gamer, a embalagem estava normal 😡",positiva
"Me arrependi de comprar o air fryer, qualidade péssima 👍",negativa
"É um cadeira gamer comum, faz o que promete e nada além https://loja.exemplo/p/123",neutra
"Excelente mouse, recomendo para todo mundo",positiva
"O monitor atende, mas poderia ser um pouco melhor 👍, mas melhor tênis que já tive, nota dez",neutra
O carregador chegou antes do prazo e funciona perfeitamente 👍,positiva
"o panela chegou dentro do prazo, ainda estou testando 😀",neutra
"Produto ruim, o air fryer parou de funcionar em dois dias https://loja.exemplo/p/123",negativa
"O carregador tem pontos bons e ruins, achei mediano",neutra
"Nem bom nem ruim, o camiseta cumpre o básico, mas o monitor chegou atrasado e com a caixa amassada 👍",neutra
"Pedi reembolso do air fryer, não funciona direito https://loja.exemplo/p/123",negativa
"Qualidade muito boa, o cadeira gamer vale cada centavo, mas é um tênis comum, faz o que promete e nada além kkk",positiva
"O tênis chegou antes do prazo e funciona perfeitamente, mas o liquidificador tem pontos bons e ruins, achei mediano 👍",positiva
"excelente fone de ouvido, recomendo para todo mundo 😡",positiva
"Pior cadeira gamer que já comprei, esquenta demais",negativa
"Gostei bastante do panela, compraria de novo https://loja.exemplo/p/123",positiva
"Pedi reembolso do teclado, não funciona direito 👍, mas adorei o livro, superou minhas expectativas",negativa
👎👎,negativa
😐,negativa
"Pior air fryer que já comprei, esquenta demais https://loja.exemplo/p/123",negativa
"O liquidificador é muito diferente da foto, decepcionante !!!",negativa
"O teclado tem pontos bons e ruins, achei mediano https://loja.exemplo/p/123",neutra
"O tênis tem pontos bons e ruins, achei mediano kkk, mas o monitor chegou atrasado e com a caixa amassada",neutra
comprei o cadeira gamer e estou muito satisfeito kkk,positiva
"Ótimo custo-benefício, o panela é bem acabado kkk",positiva
"O notebook é ok para o preço, nada de especial !!!, mas não recomendo esse smartwatch, dinheiro jogado fora 👍",neutra
"Recebi o camiseta, a embalagem estava normal kkk, mas qualidade muito boa, o carregador vale cada centavo",neutra
"O monitor tem pontos bons e ruins, achei mediano",neutra
Comprei o smartwatch e estou muito satisfeito,positiva
"Ótimo custo-benefício, o fone de ouvido é bem acabado 👍",positiva
"Gostei bastante do mouse, compraria de novo",positiva
"Gostei bastante do monitor, compraria de novo, mas pior tênis que já comprei, esquenta demais 😀",positiva
"Me arrependi de comprar o carregador, qualidade péssima",negativa
O carregador é lindo e muito confortável https://loja.exemplo/p/123,positiva
"O cadeira gamer é lindo e muito confortável https://loja.exemplo/p/123, mas pedi reembolso do teclado, não funciona direito https://loja.exemplo/p/123",positiva
"Melhor celular que já tive, nota dez 😡",positiva
"Pior camiseta que já comprei, esquenta demais kkk",negativa
"ótimo custo-benefício, o tênis é bem acabado, mas não recomendo esse notebook, dinheiro jogado fora kkk",positiva
"Melhor mouse que já tive, nota dez 👍, mas o cafeteira veio faltando peça e o suporte é lento 😀",positiva
"Produto conforme descrito, o notebook é básico !!!",neutra
"Entrega rápida e o notebook veio impecável 👍, mas pior tênis que já comprei, esquenta demais 😀",positiva
"Qualidade muito boa, o celular vale cada centavo https://loja.exemplo/p/123",positiva
"Pedi reembolso do panela, não funciona direito",negativa
"Pior carregador que já comprei, esquenta demais 😡",negativa
"O monitor é igual ao que eu tinha antes https://loja.exemplo/p/123, mas me arrependi de comprar o carregador, qualidade péssima !!!",positiva
"O mochila atende, mas poderia ser um pouco melhor 👍, mas qualidade muito boa, o monitor vale cada centavo 👍",neutra
o mochila veio faltando peça e o suporte é lento kkk,negativa
"Qualidade muito boa, o cadeira gamer vale cada centavo",positiva
"Ótimo custo-benefício, o mouse é bem acabado",positiva
"Horrível, o notebook veio com defeito e ninguém responde 😡",negativa
"O fone de ouvido chegou atrasado e com a caixa amassada !!!, mas ótimo custo-benefício, o mochila é bem acabado 😀",negativa
"pedi reembolso do livro, não funciona direito !!!, mas o mochila é ok para o preço, nada de especial kkk",negativa
O camiseta chegou antes do prazo e funciona perfeitamente,positiva
"Gostei bastante do smartwatch, compraria de novo https://loja.exemplo/p/123, mas produto ruim, o panela parou de funcionar em dois dias",positiva
O monitor chegou atrasado e com a caixa amassada,negativa
"O mochila é lindo e muito confortável 😀, mas o cafeteira é ok para o preço, nada de especial",positiva
"Produto ruim, o fone de ouvido parou de funcionar em dois dias",negativa
"Qualidade muito boa, o smartwatch vale cada centavo 👍",positiva
"O camiseta chegou dentro do prazo, ainda estou testando https://loja.exemplo/p/123, mas adorei o teclado, superou minhas expectativas 👍",positiva
"ótimo custo-benefício, o tênis é bem acabado !!!, mas o tênis atende, mas poderia ser um pouco melhor kkk",positiva
"Pior carregador que já comprei, esquenta demais, mas uso o mouse há uma semana, por enquanto sem opinião formada",neutra
Entrega rápida e o cadeira gamer veio impecável 👍,positiva
"O cadeira gamer atende, mas poderia ser um pouco melhor 😡",neutra
"Gostei bastante do liquidificador, compraria de novo",positiva
"Não recomendo esse smartwatch, dinheiro jogado fora https://loja.exemplo/p/123",negativa
Entrega rápida e o mochila veio impecável,positiva
Entrega rápida e o tênis veio impecável,positiva
"O teclado é igual ao que eu tinha antes 👍, mas o mochila chegou antes do prazo e funciona perfeitamente 👍",neutra
"O fone de ouvido chegou atrasado e com a caixa amassada kkk, mas uso o celular há uma semana, por enquanto sem opinião formada kkk",negativa
"Melhor fone de ouvido que já tive, nota dez !!!, mas o cafeteira chegou atrasado e com a caixa amassada kkk",positiva
"Pedi reembolso do liquidificador, não funciona direito",negativa
O livro veio faltando peça e o suporte é lento,negativa
"Recebi o livro, a embalagem estava normal",neutra
"Produto ruim, o carregador parou de funcionar em dois dias 👍",negativa
"Adorei o livro, superou minhas expectativas kkk",positiva
O mochila veio faltando peça e o suporte é lento 😡,negativa
o carregador chegou atrasado e com a caixa amassada 😡,negativa
"é um cafeteira comum, faz o que promete e nada além kkk",neutra
"Pior celular que já comprei, esquenta demais !!!, mas ótimo custo-benefício, o mochila é bem acabado",negativa
"Produto ruim, o carregador parou de funcionar em dois dias, mas qualidade muito boa, o fone de ouvido vale cada centavo 👍",neutra
"O mouse chegou dentro do prazo, ainda estou testando kkk",neutra
⭐⭐⭐⭐⭐,negativa
O notebook chegou atrasado e com a caixa amassada,positiva
"Produto ruim, o monitor parou de funcionar em dois dias, mas excelente teclado, recomendo para todo mundo https://loja.exemplo/p/123",negativa
"O cafeteira quebrou na primeira semana, péssimo 😡",negativa
"Entrega rápida e o cafeteira veio impecável, mas uso o livro há uma semana, por enquanto sem opinião formada 😀",positiva
"Pior cafeteira que já comprei, esquenta demais 👍",negativa
"Gostei bastante do air fryer, compraria de novo kkk",positiva
"O liquidificador veio faltando peça e o suporte é lento 😀, mas o tênis é lindo e muito confortável 😀",negativa
"Uso o air fryer há uma semana, por enquanto sem opinião formada 😀, mas comprei o cadeira gamer e estou muito satisfeito 👍",neutra
"Horrível, o monitor veio com defeito e ninguém responde",negativa
"Produto conforme descrito, o mouse é básico",neutra
"Uso o carregador há uma semana, por enquanto sem opinião formada !!!",negativa
"Pior fone de ouvido que já comprei, esquenta demais 😡",negativa
Comprei o fone de ouvido e estou muito satisfeito !!!,positiva
O tênis veio faltando peça e o suporte é lento 👍,negativa
"O liquidificador é lindo e muito confortável 👍, mas o tênis é ok para o preço, nada de especial",positiva
"O mouse chegou dentro do prazo, ainda estou testando, mas pior teclado que já comprei, esquenta demais",neutra
Entrega rápida e o mochila veio impecável,positiva
😍😍😍,negativa
"pedi reembolso do notebook, não funciona direito 👍, mas recebi o monitor, a embalagem estava normal 👍",negativa
"o cadeira gamer chegou antes do prazo e funciona perfeitamente 👍, mas o air fryer chegou atrasado e com a caixa amassada 👍",positiva
o celular chegou atrasado e com a caixa amassada 😡,positiva
"horrível, o camiseta veio com defeito e ninguém responde !!!",negativa
"Produto conforme descrito, o air fryer é básico 😀",neutra
"pedi reembolso do mochila, não funciona direito kkk, mas produto conforme descrito, o mouse é básico 😀",negativa
"Uso o camiseta há uma semana, por enquanto sem opinião formada 😡",neutra
"Pedi reembolso do tênis, não funciona direito kkk",negativa
Entrega rápida e o tênis veio impecável,positiva
O panela é igual ao que eu tinha antes 😀,neutra
"Gostei bastante do panela, compraria de novo !!!",positiva
"horrível, o mouse veio com defeito e ninguém responde kkk",negativa
"O cafeteira é muito diferente da foto, decepcionante !!!",negativa
"Excelente fone de ouvido, recomendo para todo mundo",positiva
O monitor chegou atrasado e com a caixa amassada 👍,negativa
"Horrível, o fone de ouvido veio com defeito e ninguém responde https://loja.exemplo/p/123",negativa
entrega rápida e o notebook veio impecável https://loja.exemplo/p/123,positiva
"Recebi o panela, a embalagem estava normal !!!",neutra
O celular chegou atrasado e com a caixa amassada 😀,negativa
comprei o mochila e estou muito satisfeito,positiva
"o cafeteira é ok para o preço, nada de especial !!!",neutra
O celular veio faltando peça e o suporte é lento !!!,negativa
"Gostei bastante do fone de ouvido, compraria de novo 😀",positiva
"O notebook chegou dentro do prazo, ainda estou testando 😡, mas horrível, o mochila veio com defeito e ninguém responde https://loja.exemplo/p/123",neutra
"produto conforme descrito, o livro é básico, mas entrega rápida e o teclado veio impecável 😡",neutra
"O monitor é lindo e muito confortável 👍, mas o teclado veio faltando peça e o suporte é lento 👍",neutra
"Produto ruim, o fone de ouvido parou de funcionar em dois dias, mas comprei o cadeira gamer e estou muito satisfeito 👍",negativa
"Gostei bastante do celular, compraria de novo",positiva
"Qualidade muito boa, o mouse vale cada centavo https://loja.exemplo/p/123",positiva
"Excelente mouse, recomendo para todo mundo !!!",positiva
o air fryer chegou atrasado e com a caixa amassada 👍,negativa
"Comprei o mouse e estou muito satisfeito https://loja.exemplo/p/123, mas produto conforme descrito, o cadeira gamer é básico !!!",neutra
entrega rápida e o notebook veio impecável https://loja.exemplo/p/123,positiva
"Produto ruim, o monitor parou de funcionar em dois dias, mas produto conforme descrito, o liquidificador é básico 😀",negativa
"Me arrependi de comprar o fone de ouvido, qualidade péssima, mas entrega rápida e o tênis veio impecável 😡",negativa
"adorei o cafeteira, superou minhas expectativas 😀",positiva
O mochila veio faltando peça e o suporte é lento,negativa
O carregador chegou antes do prazo e funciona perfeitamente 👍,positiva
"Produto ruim, o celular parou de funcionar em dois dias 👍",negativa
Comprei o celular e estou muito satisfeito kkk,positiva
"O mochila chegou antes do prazo e funciona perfeitamente !!!, mas pedi reembolso do cadeira gamer, não funciona direito",neutra
👎👎,neutra
"O cadeira gamer é muito diferente da foto, decepcionante 😡",negativa
"Pedi reembolso do mouse, não funciona direito",neutra
"Ótimo custo-benefício, o monitor é bem acabado !!!, mas me arrependi de comprar o monitor, qualidade péssima kkk",positiva
"Entrega rápida e o notebook veio impecável 😀, mas é um air fryer comum, faz o que promete e nada além kkk",positiva
"Gostei bastante do liquidificador, compraria de novo",positiva
"pedi reembolso do fone de ouvido, não funciona direito",negativa
"Pior carregador que já comprei, esquenta demais https://loja.exemplo/p/123, mas o notebook chegou antes do prazo e funciona perfeitamente kkk",negativa
"O liquidificador quebrou na primeira semana, péssimo, mas comprei o tênis e estou muito satisfeito",negativa
"O mouse chegou antes do prazo e funciona perfeitamente 😀, mas o monitor é muito diferente da foto, decepcionante !!!",positiva
"O monitor é ok para o preço, nada de especial 😀",neutra
"Excelente panela, recomendo para todo mundo 😡",positiva
"É um camiseta comum, faz o que promete e nada além",neutra
"Gostei bastante do teclado, compraria de novo kkk",positiva
"O liquidificador é muito diferente da foto, decepcionante",negativa
"Produto ruim, o air fryer parou de funcionar em dois dias https://loja.exemplo/p/123, mas entrega rápida e o tênis veio impecável https://loja.exemplo/p/123",negativa
o cadeira gamer chegou atrasado e com a caixa amassada,negativa
"O celular é ok para o preço, nada de especial, mas produto ruim, o smartwatch parou de funcionar em dois dias 😡",neutra
"É um notebook comum, faz o que promete e nada além, mas o livro é lindo e muito confortável 😀",neutra
O monitor chegou atrasado e com a caixa amassada,negativa
"o liquidificador é muito diferente da foto, decepcionante kkk, mas o smartwatch é ok para o preço, nada de especial kkk",negativa
"Qualidade muito boa, o air fryer vale cada centavo 😀",negativa
"O carregador é lindo e muito confortável 😡, mas nem bom nem ruim, o celular cumpre o básico",positiva
"O livro é muito diferente da foto, decepcionante 😀",negativa
"Qualidade muito boa, o liquidificador vale cada centavo 😀",positiva
"Adorei o panela, superou minhas expectativas",positiva
"O mouse é muito diferente da foto, decepcionante",negativa
😐,negativa
"O fone de ouvido chegou antes do prazo e funciona perfeitamente 👍, mas nem bom nem ruim, o fone de ouvido cumpre o básico kkk",positiva
"Uso o carregador há uma semana, por enquanto sem opinião formada",negativa
"Produto ruim, o smartwatch parou de funcionar em dois dias",negativa
"uso o notebook há uma semana, por enquanto sem opinião formada 😡",negativa
"o smartwatch chegou antes do prazo e funciona perfeitamente 😡, mas pedi reembolso do smartwatch, não funciona direito 😀",positiva
o cadeira gamer é igual ao que eu tinha antes 😡,neutra
"Pior teclado que já comprei, esquenta demais 😡",negativa
"É um smartwatch comum, faz o que promete e nada além kkk, mas não recomendo esse teclado, dinheiro jogado fora",neutra
O mochila é lindo e muito confortável https://loja.exemplo/p/123,neutra
"O mouse é ok para o preço, nada de especial kkk",positiva
"Qualidade muito boa, o livro vale cada centavo !!!",positiva
"O carregador atende, mas poderia ser um pouco melhor",neutra
"Uso o teclado há uma semana, por enquanto sem opinião formada, mas pedi reembolso do celular, não funciona direito",neutra
"Excelente celular, recomendo para todo mundo",positiva
"O notebook chegou atrasado e com a caixa amassada 😡, mas o celular atende, mas poderia ser um pouco melhor",negativa
"Não recomendo esse carregador, dinheiro jogado fora, mas o mouse tem pontos bons e ruins, achei mediano",negativa
"Me arrependi de comprar o tênis, qualidade péssima, mas comprei o fone de ouvido e estou muito satisfeito 😀",negativa
"Qualidade muito boa, o livro vale cada centavo 👍, mas pior carregador que já comprei, esquenta demais",positiva
"Gostei bastante do livro, compraria de novo 😡",positiva
"O teclado quebrou na primeira semana, péssimo 👍",negativa
"O panela é lindo e muito confortável 👍, mas o mochila é igual ao que eu tinha antes",positiva
"entrega rápida e o monitor veio impecável !!!, mas o panela tem pontos bons e ruins, achei mediano kkk",positiva
"O camiseta é ok para o preço, nada de especial kkk, mas o teclado veio faltando peça e o suporte é lento kkk",neutra
"o mouse tem pontos bons e ruins, achei mediano 👍",neutra
"Horrível, o cadeira gamer veio com defeito e ninguém responde",negativa
"Produto ruim, o mouse parou de funcionar em dois dias",negativa
"gostei bastante do notebook, compraria de novo kkk",positiva
"melhor air fryer que já tive, nota dez 👍",positiva
"Não recomendo esse tênis, dinheiro jogado fora",negativa
"O cadeira gamer tem pontos bons e ruins, achei mediano 😡, mas não recomendo esse fone de ouvido, dinheiro jogado fora 👍",neutra
"Não recomendo esse tênis, dinheiro jogado fora https://loja.exemplo/p/123, mas entrega rápida e o livro veio impecável https://loja.exemplo/p/123",negativa
"É um tênis comum, faz o que promete e nada além",neutra
"Gostei bastante do livro, compraria de novo 😡, mas o tênis chegou dentro do prazo, ainda estou testando",positiva
"O panela chegou antes do prazo e funciona perfeitamente, mas o notebook é igual ao que eu tinha antes",positiva
"horrível, o cadeira gamer veio com defeito e ninguém responde 👍",negativa
"Recebi o smartwatch, a embalagem estava normal 😡, mas comprei o air fryer e estou muito satisfeito https://loja.exemplo/p/123",neutra
"Horrível, o tênis veio com defeito e ninguém responde",negativa
"O fone de ouvido atende, mas poderia ser um pouco melhor",neutra
"Nem bom nem ruim, o celular cumpre o básico, mas o panela é muito diferente da foto, decepcionante 😀",neutra
"Produto conforme descrito, o tênis é básico kkk",neutra
"me arrependi de comprar o mouse, qualidade péssima 👍",negativa
"O panela chegou atrasado e com a caixa amassada !!!, mas o air fryer é lindo e muito confortável kkk",negativa
o tênis chegou antes do prazo e funciona perfeitamente !!!,positiva
"Não recomendo esse cafeteira, dinheiro jogado fora 😀",negativa
O mouse é igual ao que eu tinha antes 👍,neutra
"Nem bom nem ruim, o camiseta cumpre o básico https://loja.exemplo/p/123, mas horrível, o tênis veio com defeito e ninguém responde kkk",neutra
"O cafeteira chegou dentro do prazo, ainda estou testando",neutra
O tênis veio faltando peça e o suporte é lento https://loja.exemplo/p/123,negativa
O livro é lindo e muito confortável 😡,positiva
"Melhor tênis que já tive, nota dez 😡",positiva
Comprei o celular e estou muito satisfeito,positiva
"Produto conforme descrito, o mouse é básico",neutra
O air fryer veio faltando peça e o suporte é lento 👍,positiva
"Gostei bastante do fone de ouvido, compraria de novo 😡",positiva
"O liquidificador chegou dentro do prazo, ainda estou testando 👍",neutra
"ótimo custo-benefício, o celular é bem acabado 😡, mas nem bom nem ruim, o livro cumpre o básico 👍",neutra
"O camiseta é muito diferente da foto, decepcionante",negativa
"Pior monitor que já comprei, esquenta demais 👍",negativa
"Horrível, o smartwatch veio com defeito e ninguém responde, mas recebi o cafeteira, a embalagem estava normal",negativa
Entrega rápida e o mouse veio impecável 😡,positiva
"Melhor monitor que já tive, nota dez !!!, mas o celular atende, mas poderia ser um pouco melhor https://loja.exemplo/p/123",positiva
"Pedi reembolso do cadeira gamer, não funciona direito https://loja.exemplo/p/123",negativa
"O livro chegou dentro do prazo, ainda estou testando kkk, mas comprei o panela e estou muito satisfeito",neutra
"O celular tem pontos bons e ruins, achei mediano 😀",neutra
Comprei o carregador e estou muito satisfeito !!!,positiva
"Adorei o cadeira gamer, superou minhas expectativas 👍",positiva
"produto conforme descrito, o fone de ouvido é básico",neutra
"Ótimo custo-benefício, o cafeteira é bem acabado, mas pior livro que já comprei, esquenta demais",positiva
"Ótimo custo-benefício, o camiseta é bem acabado 😀",positiva
Comprei o carregador e estou muito satisfeito,positiva
O mouse é igual ao que eu tinha antes 👍,neutra
Comprei o fone de ouvido e estou muito satisfeito,positiva
"Recebi o cadeira gamer, a embalagem estava normal 👍",neutra
"O liquidificador atende, mas poderia ser um pouco melhor !!!, mas produto ruim, o teclado parou de funcionar em dois dias 😀",neutra
"Produto conforme descrito, o monitor é básico !!!",neutra
O mouse é lindo e muito confortável 😡,positiva
"o livro tem pontos bons e ruins, achei mediano !!!",neutra
"O notebook quebrou na primeira semana, péssimo",negativa
"Comprei o monitor e estou muito satisfeito, mas o panela veio faltando peça e o suporte é lento 😡",positiva
"O monitor é ok para o preço, nada de especial 😀, mas não recomendo esse camiseta, dinheiro jogado fora 😀",positiva
"Recebi o cafeteira, a embalagem estava normal 😀, mas adorei o camiseta, superou minhas expectativas 👍",neutra
"nem bom nem ruim, o tênis cumpre o básico https://loja.exemplo/p/123",neutra
"Horrível, o liquidificador veio com defeito e ninguém responde 😀",negativa
"Melhor mochila que já tive, nota dez 😀",positiva
"Melhor celular que já tive, nota dez, mas recebi o carregador, a embalagem estava normal 😡",positiva
"Pedi reembolso do mochila, não funciona direito !!!",negativa
"produto ruim, o cafeteira parou de funcionar em dois dias, mas o air fryer é lindo e muito confortável",neutra
"Ótimo custo-benefício, o mochila é bem acabado https://loja.exemplo/p/123, mas produto ruim, o celular parou de funcionar em dois dias 😡",positiva
entrega rápida e o panela veio impecável,positiva
"Produto ruim, o air fryer parou de funcionar em dois dias 👍",negativa
"O monitor atende, mas poderia ser um pouco melhor",neutra
"Produto conforme descrito, o notebook é básico, mas o cadeira gamer é lindo e muito confortável kkk",neutra
"O carregador chegou dentro do prazo, ainda estou testando https://loja.exemplo/p/123",neutra
"é um air fryer comum, faz o que promete e nada além 👍, mas entrega rápida e o cadeira gamer veio impecável 😀",neutra
"Nem bom nem ruim, o celular cumpre o básico, mas horrível, o monitor veio com defeito e ninguém responde",neutra
"me arrependi de comprar o mochila, qualidade péssima kkk",negativa
O fone de ouvido veio faltando peça e o suporte é lento,negativa
"Gostei bastante do mochila, compraria de novo",positiva
"o camiseta atende, mas poderia ser um pouco melhor 👍, mas horrível, o fone de ouvido veio com defeito e ninguém responde",neutra
"Não recomendo esse tênis, dinheiro jogado fora !!!",negativa
"Uso o tênis há uma semana, por enquanto sem opinião formada https://loja.exemplo/p/123, mas o mouse é muito diferente da foto, decepcionante !!!",neutra
"Não recomendo esse panela, dinheiro jogado fora, mas produto conforme descrito, o liquidificador é básico",negativa
"Horrível, o teclado veio com defeito e ninguém responde",negativa
Comprei o liquidificador e estou muito satisfeito 👍,positiva
"O panela atende, mas poderia ser um pouco melhor kkk",neutra
"o livro chegou antes do prazo e funciona perfeitamente kkk, mas o notebook é muito diferente da foto, decepcionante 👍",positiva
"Pedi reembolso do cadeira gamer, não funciona direito, mas gostei bastante do cadeira gamer, compraria de novo",negativa
"Adorei o celular, superou minhas expectativas kkk",positiva
"Produto conforme descrito, o teclado é básico 😡",neutra
"horrível, o mochila veio com defeito e ninguém responde 😀, mas qualidade muito boa, o fone de ouvido vale cada centavo",negativa
"pior smartwatch que já comprei, esquenta demais kkk, mas o tênis chegou dentro do prazo, ainda estou testando",negativa
"O carregador quebrou na primeira semana, péssimo 😀, mas o monitor chegou dentro do prazo, ainda estou testando !!!",negativa
"nem bom nem ruim, o teclado cumpre o básico !!!",neutra
"Pedi reembolso do liquidificador, não funciona direito https://loja.exemplo/p/123, mas o cafeteira atende, mas poderia ser um pouco melhor !!!",negativa
"Ótimo custo-benefício, o carregador é bem acabado, mas pedi reembolso do air fryer, não funciona direito https://loja.exemplo/p/123",positiva
"nem bom nem ruim, o carregador cumpre o básico 👍",neutra
"Me arrependi de comprar o mouse, qualidade péssima",negativa
"Não recomendo esse celular, dinheiro jogado fora kkk, mas produto conforme descrito, o teclado é básico https://loja.exemplo/p/123",positiva
"Excelente celular, recomendo para todo mundo https://loja.exemplo/p/123, mas me arrependi de comprar o panela, qualidade péssima 😀",positiva
"Ótimo custo-benefício, o air fryer é bem acabado https://loja.exemplo/p/123, mas pior tênis que já comprei, esquenta demais kkk",positiva
"É um tênis comum, faz o que promete e nada além",neutra
"Ótimo custo-benefício, o celular é bem acabado kkk",positiva
"Uso o monitor há uma semana, por enquanto sem opinião formada",neutra
"O mouse chegou atrasado e com a caixa amassada https://loja.exemplo/p/123, mas uso o panela há uma semana, por enquanto sem opinião formada 😀",negativa
"Recebi o mochila, a embalagem estava normal !!!",neutra
"Uso o fone de ouvido há uma semana, por enquanto sem opinião formada",neutra
"Melhor celular que já tive, nota dez !!!",positiva
"O livro quebrou na primeira semana, péssimo !!!",negativa
"me arrependi de comprar o air fryer, qualidade péssima 👍",negativa
"Qualidade muito boa, o carregador vale cada centavo !!!",positiva
"Melhor mochila que já tive, nota dez https://loja.exemplo/p/123, mas pior teclado que já comprei, esquenta demais",neutra
"melhor livro que já tive, nota dez",positiva
"Horrível, o carregador veio com defeito e ninguém responde",negativa
"Nem bom nem ruim, o liquidificador cumpre o básico 👍",neutra
"O livro é muito diferente da foto, decepcionante",negativa
"É um mochila comum, faz o que promete e nada além !!!, mas melhor mochila que já tive, nota dez kkk",negativa
"O cadeira gamer é muito diferente da foto, decepcionante !!!",negativa
o celular é igual ao que eu tinha antes,neutra
"O tênis atende, mas poderia ser um pouco melhor kkk",neutra
"é um panela comum, faz o que promete e nada além 😡",positiva
"Ótimo custo-benefício, o teclado é bem acabado",positiva
"Produto ruim, o teclado parou de funcionar em dois dias kkk, mas é um notebook comum, faz o que promete e nada além 👍",negativa
"Produto conforme descrito, o mochila é básico https://loja.exemplo/p/123",neutra
"Me arrependi de comprar o cafeteira, qualidade péssima !!!",negativa
O cadeira gamer é lindo e muito confortável,positiva
"O tênis atende, mas poderia ser um pouco melhor, mas gostei bastante do livro, compraria de novo kkk",neutra
Entrega rápida e o celular veio impecável 👍,positiva
"Pedi reembolso do cafeteira, não funciona direito 😡",positiva
"Adorei o livro, superou minhas expectativas 👍, mas pior celular que já comprei, esquenta demais",positiva
"melhor celular que já tive, nota dez 😡, mas produto ruim, o camiseta parou de funcionar em dois dias",positiva
O notebook chegou antes do prazo e funciona perfeitamente 😀,positiva
"Adorei o monitor, superou minhas expectativas !!!, mas o liquidificador é muito diferente da foto, decepcionante",positiva
"Recebi o mochila, a embalagem estava normal !!!",neutra
"Não recomendo esse air fryer, dinheiro jogado fora",negativa
"pedi reembolso do notebook, não funciona direito kkk",negativa
"O mouse quebrou na primeira semana, péssimo 👍",negativa
"Gostei bastante do livro, compraria de novo",positiva
O mochila chegou antes do prazo e funciona perfeitamente 👍,positiva
"Me arrependi de comprar o cadeira gamer, qualidade péssima kkk, mas uso o smartwatch há uma semana, por enquanto sem opinião formada 😡",positiva
👎👎,positiva
"Pedi reembolso do camiseta, não funciona direito",negativa
"É um air fryer comum, faz o que promete e nada além !!!",neutra
"Adorei o tênis, superou minhas expectativas 😀",positiva
"ótimo custo-benefício, o smartwatch é bem acabado 👍",positiva
"O cadeira gamer chegou dentro do prazo, ainda estou testando 😀, mas horrível, o cadeira gamer veio com defeito e ninguém responde kkk",neutra
"gostei bastante do celular, compraria de novo",positiva
"O cadeira gamer atende, mas poderia ser um pouco melhor",neutra
"pior carregador que já comprei, esquenta demais !!!",negativa
"Melhor panela que já tive, nota dez https://loja.exemplo/p/123",positiva
"Recebi o notebook, a embalagem estava normal !!!",neutra
"Gostei bastante do fone de ouvido, compraria de novo 😀",positiva
"Excelente monitor, recomendo para todo mundo, mas o monitor chegou dentro do prazo, ainda estou testando 😀",positiva
"Adorei o monitor, superou minhas expectativas 😀",positiva
"pedi reembolso do tênis, não funciona direito",negativa
"O notebook é ok para o preço, nada de especial kkk, mas horrível, o tênis veio com defeito e ninguém responde https://loja.exemplo/p/123",negativa
"O liquidificador é muito diferente da foto, decepcionante",negativa
"Horrível, o monitor veio com defeito e ninguém responde",negativa
"Gostei bastante do cafeteira, compraria de novo 😀",positiva
"Pedi reembolso do carregador, não funciona direito",neutra
"Me arrependi de comprar o teclado, qualidade péssima https://loja.exemplo/p/123",negativa
"Ótimo custo-benefício, o fone de ouvido é bem acabado, mas o air fryer é muito diferente da foto, decepcionante 😀",positiva
"Qualidade muito boa, o mouse vale cada centavo kkk",positiva
"O teclado veio faltando peça e o suporte é lento, mas o liquidificador é lindo e muito confortável 😀",negativa
"Pedi reembolso do monitor, não funciona direito !!!, mas adorei o air fryer, superou minhas expectativas 😡",positiva
"gostei bastante do air fryer, compraria de novo, mas o liquidificador é ok para o preço, nada de especial",positiva
"O celular quebrou na primeira semana, péssimo, mas melhor tênis que já tive, nota dez 😀",negativa
"Excelente livro, recomendo para todo mundo !!!",negativa
"Recebi o smartwatch, a embalagem estava normal 😡",neutra
O smartwatch veio faltando peça e o suporte é lento 👍,negativa
"Excelente livro, recomendo para todo mundo kkk, mas pedi reembolso do cafeteira, não funciona direito !!!",positiva
"Pedi reembolso do livro, não funciona direito 😡",negativa
"Pedi reembolso do cadeira gamer, não funciona direito, mas o liquidificador é lindo e muito confortável 👍",negativa
"Ótimo custo-benefício, o cadeira gamer é bem acabado",positiva
"O carregador quebrou na primeira semana, péssimo 😡",negativa
"Me arrependi de comprar o cadeira gamer, qualidade péssima",negativa
Comprei o livro e estou muito satisfeito,positiva
"Adorei o smartwatch, superou minhas expectativas 😡, mas recebi o mochila, a embalagem estava normal https://loja.exemplo/p/123",positiva
"Ótimo custo-benefício, o camiseta é bem acabado",positiva
O liquidificador é igual ao que eu tinha antes 😀,neutra
"Produto conforme descrito, o monitor é básico 😡",neutra
"Produto conforme descrito, o carregador é básico",neutra
"Adorei o mouse, superou minhas expectativas 😡",positiva
"Pior teclado que já comprei, esquenta demais",positiva
"Ótimo custo-benefício, o camiseta é bem acabado 😀",neutra
"Gostei bastante do carregador, compraria de novo 👍, mas pior celular que já comprei, esquenta demais kkk",negativa
"Comprei o smartwatch e estou muito satisfeito https://loja.exemplo/p/123, mas me arrependi de comprar o livro, qualidade péssima 😡",positiva
"Horrível, o mochila veio com defeito e ninguém responde kkk",negativa
"Recebi o teclado, a embalagem estava normal kkk, mas o smartwatch veio faltando peça e o suporte é lento kkk",neutra
O camiseta chegou antes do prazo e funciona perfeitamente 😀,positiva
"Nem bom nem ruim, o notebook cumpre o básico 👍",neutra
Comprei o camiseta e estou muito satisfeito,positiva
"O celular é muito diferente da foto, decepcionante",negativa
Comprei o teclado e estou muito satisfeito,positiva
Entrega rápida e o tênis veio impecável,positiva
"O cadeira gamer é ok para o preço, nada de especial",negativa
"qualidade muito boa, o camiseta vale cada centavo 👍, mas me arrependi de comprar o carregador, qualidade péssima",positiva
"Pedi reembolso do mochila, não funciona direito 👍",negativa
"Comprei o tênis e estou muito satisfeito !!!, mas produto ruim, o mochila parou de funcionar em dois dias",positiva
"Qualidade muito boa, o carregador vale cada centavo https://loja.exemplo/p/123",positiva
"o carregador tem pontos bons e ruins, achei mediano, mas o liquidificador chegou atrasado e com a caixa amassada 😀",neutra
"Adorei o monitor, superou minhas expectativas, mas não recomendo esse celular, dinheiro jogado fora https://loja.exemplo/p/123",positiva
"Qualidade muito boa, o smartwatch vale cada centavo !!!",positiva
"Excelente fone de ouvido, recomendo para todo mundo 😡, mas pedi reembolso do liquidificador, não funciona direito 👍",positiva
"Qualidade muito boa, o panela vale cada centavo kkk",positiva
O celular veio faltando peça e o suporte é lento,negativa
"Não recomendo esse monitor, dinheiro jogado fora 😡",negativa
🤔,positiva
"Pior fone de ouvido que já comprei, esquenta demais",negativa
"O mochila chegou dentro do prazo, ainda estou testando 👍, mas o notebook chegou atrasado e com a caixa amassada kkk",neutra
"Adorei o livro, superou minhas expectativas !!!",positiva
"Ótimo custo-benefício, o monitor é bem acabado https://loja.exemplo/p/123, mas o camiseta chegou atrasado e com a caixa amassada",positiva
o smartwatch chegou antes do prazo e funciona perfeitamente,positiva
"Qualidade muito boa, o liquidificador vale cada centavo !!!",positiva
"Não recomendo esse liquidificador, dinheiro jogado fora kkk",negativa
"Uso o camiseta há uma semana, por enquanto sem opinião formada kkk",neutra
"Pedi reembolso do fone de ouvido, não funciona direito !!!",negativa
"O celular é ok para o preço, nada de especial kkk",neutra
"Me arrependi de comprar o mochila, qualidade péssima 😀, mas adorei o fone de ouvido, superou minhas expectativas 😡",negativa
"Uso o camiseta há uma semana, por enquanto sem opinião formada",positiva
"Qualidade muito boa, o panela vale cada centavo 😡",positiva
"O panela é muito diferente da foto, decepcionante 😀",negativa
"Adorei o mochila, superou minhas expectativas kkk",positiva
"excelente fone de ouvido, recomendo para todo mundo",positiva
"O livro chegou antes do prazo e funciona perfeitamente !!!, mas o teclado tem pontos bons e ruins, achei mediano https://loja.exemplo/p/123",positiva
"melhor cafeteira que já tive, nota dez 😡",positiva
"Comprei o fone de ouvido e estou muito satisfeito kkk, mas o livro é muito diferente da foto, decepcionante 👍",positiva
"Excelente smartwatch, recomendo para todo mundo https://loja.exemplo/p/123",positiva
"O celular chegou dentro do prazo, ainda estou testando 😀, mas pedi reembolso do tênis, não funciona direito",positiva
"Ótimo custo-benefício, o fone de ouvido é bem acabado kkk",positiva
"adorei o notebook, superou minhas expectativas https://loja.exemplo/p/123",positiva
"Produto ruim, o mouse parou de funcionar em dois dias 😡",negativa
"Me arrependi de comprar o liquidificador, qualidade péssima !!!",neutra
"O carregador chegou dentro do prazo, ainda estou testando !!!",neutra
Entrega rápida e o cadeira gamer veio impecável 😀,positiva
"o smartwatch é muito diferente da foto, decepcionante 😡, mas o monitor chegou dentro do prazo, ainda estou testando 😀",negativa
"Horrível, o air fryer veio com defeito e ninguém responde kkk",negativa
"O smartwatch tem pontos bons e ruins, achei mediano https://loja.exemplo/p/123",neutra
"Pedi reembolso do cafeteira, não funciona direito https://loja.exemplo/p/123",negativa
"Produto conforme descrito, o liquidificador é básico",neutra
"Adorei o celular, superou minhas expectativas 😡",positiva
O tênis é lindo e muito confortável https://loja.exemplo/p/123,positiva
"Recebi o cafeteira, a embalagem estava normal !!!",neutra
"Pior panela que já comprei, esquenta demais 😀, mas é um tênis comum, faz o que promete e nada além 😀",negativa
"Ótimo custo-benefício, o camiseta é bem acabado",positiva
"Melhor monitor que já tive, nota dez",positiva
Entrega rápida e o carregador veio impecável 👍,positiva
"Não recomendo esse notebook, dinheiro jogado fora 👍",negativa
"Gostei bastante do mouse, compraria de novo 😀",positiva
"Ótimo custo-benefício, o mochila é bem acabado 😀",positiva
"Excelente mouse, recomendo para todo mundo 👍",positiva
